{
    "train": {
        "loss": 0.00754114193841815,
        "one_hot_io_u": 0.9786313772201538,
        "precision": 0.9896529316902161,
        "recall": 0.9896529316902161,
        "lr": 9.999831672757864e-05
    },
    "eval": {
        "loss": 0.045799415558576584,
        "one_hot_io_u": 0.8931523561477661,
        "precision": 0.9457840919494629,
        "recall": 0.9457840919494629
    },
    "step": 84
}