{
    "train": {
        "loss": 0.013868674635887146,
        "one_hot_io_u": 0.9619770050048828,
        "precision": 0.9814685583114624,
        "recall": 0.9814685583114624,
        "lr": 1.56249996052793e-06
    },
    "eval": {
        "loss": 0.04657386243343353,
        "one_hot_io_u": 0.8874671459197998,
        "precision": 0.9426069259643555,
        "recall": 0.9426069259643555
    },
    "step": 63
}