{
    "train": {
        "loss": 0.010323659516870975,
        "one_hot_io_u": 0.9710889458656311,
        "precision": 0.9859474897384644,
        "recall": 0.9859474897384644
    },
    "eval": {
        "loss": 0.07997225224971771,
        "one_hot_io_u": 0.816867470741272,
        "precision": 0.9068735241889954,
        "recall": 0.9068735241889954
    },
    "step": 65
}